you,შენ / თქვენ
i,მე
it,ის (უსულო)
and,და
that,ის
is,არის
in,-ში
what,რა
we,ჩვენ
me,მე
this,ეს
he,ის (მამრ.)
for,-თვის
my,ჩემი
on,-ზე
have,"ქონა, ყოლა"
your,თქვენი
do,კეთება
was,იყო
no,არა
not,არა
be,ყოფნა
are,არიან
know,"ცოდნა ( ვიცი, იცი)"
can,შეძლება
with,-თან ერთად
but,მაგრამ
all,ყველა
so,ისე / ასე
just,"უბრალოდ, მხოლოდ"
there,იქ
here,აქ
they,ისინი
get,მიღება
she,ის (მდედრობითი)
go,წასვლა
if,თუ
right,"სწორი, მარჯვენა"
out,გარეთ
about,შესახებ
up,მაღლა
at,-თან
him,მას (მამრობითი)
now,ახლა
one,ერთი
come,მოსვლა
well,კარგად
her,მისი (მდედრობითი)
how,როგორ
yeah,აჰა ( დათანხმება)
will,ნება (განსაზღვრავს მომავალ დროს)
got,"გააჩნია, აქვს"
want,მსურს
think,ფიქრი
as,როგორც
see,დანახვა
did,გავაკეთე
good,კარგი
who,ვინ
why,რატომ
from,-დან
let,ნების დართვა
his,მისი (მამრობითი)
yes,დიახ
when,როდესაც
going,მიდის
time,დრო
okay,კარგი
back,უკან / ზურგი
look,შესახედაობა
us,ჩვენ
them,მათ
where,სად
were,იყო / იყვნენ
take,აღება
then,მაშინ
had,ჰქონდა
or,ან
been,"იყო, იყვნენ"
our,ჩვენი
gonna,ვაპირებ
tell,თქმა
really,ნამდვილად
man,მამაკაცი
some,ზოგიერთი
say,თქმა
hey,ჰეი
could,შემეძლო
didn't,ვერ (წარსული დრო)
by,მიერ / გასწვრივ / შორიახლოს
need,საჭიროება
something,რაღაც
has,აქვს
too,აგრეთვე
more,მეტი
way,გზა
down,დაბლა
make,გაკეთება
very,ძალიან
never,არასოდეს
only,ერთადერთი
people,ხალხი
over,დასრულება / -ზედ / გადაღმა
because,იმიტომ რომ
little,პატარა
please,გეთაყვა 
love,სიყვარული
should,უნდა
mean,ნიშნავს / ბოროტი
said,თქვა
sorry,ბოდიში
give,მიცემა
am,ვარ
thank,მადლობის თქმა
any,რომელიმე
two,ორი
even,-ც კი / даже
much,ბევრი
doing,კეთება
sure,დარწმუნებული
thing,ნივთი
these,ესენი
help,დახმარება
first,პირველი
into,-ში
anything,რაიმე
still,ისევ
find,ძებნა / პოვნა
life,სიცოცხლე
nothing,არაფერი
day,დღე
god,ღმერთი
work,სამუშაო
their,მათი
again,კვლავ
maybe,შესაძლოა
must,უნდა
before,წინ / - მდე
other,სხვა
wait,ლოდინი / ცდა
stop,გაჩერება
call,დაძახება
after,შემდეგ
won,მოგება
talk,საუბარი
away,შორს
than,ვიდრე
thought,აზრი
home,"სახლი, შინ"
night,ღამე
put,დადება
great,დიდი
those,ისინი
last,ბოლო / უკანასკნელი
better,უკეთესი
everything,ყველაფერი
told,უთხრა / განუცხადა
mr.,ბატონი
new,ახალი
things,ნივთები / რაღაცები
always,ყოველთვის
keep,შენახვა
long,გრძელი
years,წლები
leave,წასვლა / დატოვება / მიტოვება
does,შვრება
money,ფული
around,ირგვლივ
name,სახელი
place,ადგილი
ever,ოდესმე
feel,გრძნობა
guys,ბიჭები
father,მამა
guy,ბიჭი
made,დამზადებულია
old,მოხუცი
which,რომელი
big,დიდი
lot,ბევრი
done,შესრულებულია
hello,გამარჯობა
nice,კარგი
believe,რწმენა
girl,გოგონა 
someone,ვიღაც
fine,მშვენიერი / ჯარიმა
thanks,მადლობა
wanted,მინდოდა / იძებნება
kind,კეთილი
coming,მოდის / მომდინარე
house,სახლი
every,თითოეული
ok,კარგი
through,-გადავლით через
being,ყოფნა
course,კურსი
stay,დარჩენა
left,მარცხენა
dad,მამა
enough,საკმარისი
happened,მოხდა
came,მოვიდა
may,შეიძლება
mother,დედა
wrong,მცდარი
world,მსოფლიო
bad,ცუდი
might,შესაძლო
today,დღეს
listen,მოსმენა
another,სხვა
understand,"მიხვედრა, გაგება"
hear,გაგონება
remember,დამახსოვრება
ask,კითხვა / თხოვნა
own,ფლობა
same,იგივე
show,ჩვენება / გამოფენა
else,კიდევ
kill,მოკვლა
talking,საუბარი
found,ნაპოვნია
next,შემდეგი
getting,მიღება
care,მზრუნველობა
car,ავტომობილი
looking,ვეძებ
son,ვაჟიშვილი
try,ცდა
woman,ქალი
went,წასვლა
hi,მისალემება (არაფორმალური)
dead,მკვდარი
many,ბევრი
mind,გონება
friend,ამხანაგი ქალი
best,საუკეთესო
mom,დედა
hell,ჯოჯოხეთი
morning,დილა
trying,მცდელობა
boy,ბიჭი
together,ერთად
yourself,შენ თვითონ
job,სამუშაო
saw,დავინახე / ხერხი
family,ოჯახი
real,ნამდვილი
without,გარეშე
baby,ბავშვი
room,ოთახი /  ადგილი -  სივრცე
already,უკვე
move,მოძრაობა
most,ყველაზე 
seen,დანახვა
live,ცხოვრება
miss,მონატრება / აცილება
actually,ფაქტიურად
both,ორივე
heard,გავიგონე
once,ერთხელ
ready,"მზად, მომზადებული"
head,თავი
called,დაუძახა
used,გამოყენებული
idea,იდეა
knew,იცოდა
hold,ხელში დაჭერა 
happy,ბედნიერი
door,კარი
such,ასეთი
brother,ძმა
also,აგრეთვე
pretty,ლამაზი
bit,მცირე ნაწილი
took,აიღო
haven,"ნავსადგური, თავშესაფარი"
yet,"ჯერ, ჯერჯერობით"
men,მამაკაცები
whole,მთელი
start,დაწყება
use,სარგებლობა
since,მას შემდეგ
wife,ცოლი
days,დღეები
guess,გამოცნობა / მიხვედრა
tomorrow,ხვალ
matter,მნიშვნელობა
meet,შეხვედრა
bring,მოტანა
tonight,ამ საღამოს
everyone,ყველა
run,სირბილი
wanna,მინდა
hard,რთული
alone,მარტო
myself,მე თვითონ
school,სკოლა
gone,წავიდა / გაქრა
end,დასასრული
saying,ამბობს
phone,ტელეფონი
play,თამაში
looks,გამოიყურება
problem,პრობლემა
few,ცოტა
friends,მეგობრები
ago,წინათ
open,გახსნა
anyone,ნებისმიერი
killed,მოკლა
hope,იმედი
face,სახე
until,სანამ
lost,დაკარგული
police,პოლიცია
excuse,ბოდიშის მოხდა
turn,მობრუნება
business,საქმე
case,საქმე
wants,სურს
says,ამბობენ
TRUE,მართალი
die,გარდაცვალება
heart,გული
soon,ჩქარა
each,ყოველი
worry,შეწუხება
later,მოგვიანებით
year,წელი
watch,ყურება / საათი 
music,მუსიკა
hand,ხელი
having,რომელსაც აქვს
probably,ალბათ
beautiful,ლამაზი
doctor,ექიმი
sit,ჯდომა
eat,ჭამა
thinking,ფიქრი
young,ახალგაზრდა
second,მეორე
working,სამუშაო
water,წყალი
person,პიროვნება
part,ნაწილი
kids,ბავშვები
late,დაგვიანებული
stuff,"ნივთები, პერსონალი"
exactly,ზუსტად
under,ქვეშ
death,სიკვდილი
minute,წუთი
pay,გადახდა
crazy,გიჟი
forget,დავიწყება
everybody,ყველანი
kid,ბავშვი
change,გამოცვლა
gave,მისცა
happen,მოხდა
damn,ჯანდაბა
drink,სმა
far,შორეული
knows,ყურება
its,მისი
whatever,სულ ერთია
eyes,თვალები
shut,დახურვა / დაკეტვა
hit,"გარტყმა, მოხვედრება"
easy,ადვილი
times,დრო
check,შემოწმება / ჩეკი
hands,ხელები
minutes,წუთი
deal,საქმე
different,განსხვავებული
means,ნიშნავს
point,წერტილი / მითითება
inside,შიგ
makes,შვრება
asked,შეეკითხა
somebody,ვიღაც
mine,ჩემი
body,სხეული
afraid,შეშინებული
sleep,ძილი
chance,შანსი
dear,ძვირფასი
quite,სავსებით
anyway,ყველა შემთხვევაში
close,დაკეტვა
party,პარტია
fun,გართობა
against,წინააღმდეგ
word,სიტყვა
comes,მოდის
important,მნიშვნელოვანი
story,ამბავი / სართული
number,რიცხვი
daughter,ქალიშვილი
least,ყველაზე ნაკლები 
waiting,ელოდება
hurt,ტკენა
wish,სურვილი
moment,მომენტი
fight,ბრძოლა
week,კვირა
husband,ქმარი
girls,გოგონები
rest,დასვენება
married,დაოჯახებული
fire,ცეცხლი
game,თამაში
nobody,არავინ
mister,ბატონი
children,ბავშვები
side,მხარე / გვერდი
stand,დგომა
read,კითხვა
though,თუმცა
cut,გაჭრა
started,დაიწყო
sister,და
between,შორის / შუაში
child,ბავშვი
goes,მიდის
hours,საათები
speak,ლაპარაკი
women,ქალები
behind,უკან
almost,თითქმის
truth,სიმართლე
blood,სისხლი
able,შესაძლებლობა აქვს
lady,ქალბატონი
playing,თამაში
gets,იღებს
shot,გასროლა
reason,მიზეზი
trouble,გასაჭირი / შეწუხება
break,გატეხვა / შესვენება
war,ომი
city,ქალაქი
walk,სიარული
town,ქალაქი
trust,ნდობა
dr.,ექიმი / დოქტორი
met,შეხვდა
office,სამსახური
question,შეკითხვა
brought,მოიტანა
yours,შენი
welcome,კეთილი იყოს თქვენი მობრძანება
high,მაღალი
wow,გაოცების გამოხატვა
couple,წყვილი
half,ნახევარი
died,მოკვდა
cool,"გრილი, მაგარი"
free,თავისუფალი
seems,როგორც ჩანს
power,ძალა
bye,ნახვამდის
buy,ყიდვა
telling,თქმა
honey,თაფლი
tried,სცადა
front,წინა მხარე / ფასადი
team,გუნდი
answer,პასუხის გაცემა
gun,თოფი
boys,ბიჭები
line,ხაზი
send,გაგზავნა
news,ახალი ამბები
stupid,სულელი
bed,საწოლი
hurry,დაჩქარება
full,სავსე
months,თვეები
save,შენახვა / გადარჩენა
sometimes,ზოგჯერ
become,გახდომა
along,გასწვრივ
hate,სიძულვილი
food,საკვები
outside,გარე
light,"მსუბუქი, სინათლე"
needs,საჭიროებები
dog,ძაღლი
country,სოფელი
clear,გასუფთავება
order,"ბრძანების გაცემა, წესრიგი"
fact,ფაქტი
lord,"ბატონი, ღმერთი"
captain,კაპიტანი
hot,ცხელი
funny,სასაცილო
black,შავი
mrs.,ქალბატონი.
alive,ცოცხალი
pick,არჩევა / მოწყვეტა
feeling,გრძნობა
living,ცხოვრება
cause,მიზეზი
ahead,წინ
lose,წაგება
king,მეფე
plan,გეგმა
dinner,სადილი
sort,"დალაგება, დახარისხება"
leaving,წასვლა / დატოვება
running,სირბილი
boss,ხელმძღვანელი
alright,კარგი
promise,დაპირება
taken,აღებული
safe,უსაფრთხო
book,წიგნი
sent,გაგზავნილი
white,თეთრი
hour,საათი
anybody,ვინმე
small,პატარა
perfect,სრულყოფილი
cause,მიზეზი
lives,ცხოვრება
special,განსაკუთრებული
parents,მშობლები
himself,თავად (მამრობითი)
perhaps,ალბათ / შესაძლოა
sounds,"ჟღერს, ხმები"
serious,სერიოზული
sick,ავადმყოფი
company,კომპანია
scared,შეშინებული
uncle,ბიძა
poor,ღარიბი
red,წითელი
past,წარსული
earth,დედამიწა / მიწა
possible,შესაძლებელი
shoot,სროლა
touch,შეხება
sound,ბგერა
top,წვეტი / მწვერვალი
ass,უკანალი
laughs,იცინის
cannot,არ შეუძლია
asking,თხოვნა
win,გამარჯვება
glad,მოხარული
control,კონტროლი
human,ადამიანი
drive,მანქანის მართვა
hair,თმა
bitch,ძუკნა ძაღლი
luck,იღბალი
murder,მკვლელობა
happens,ხდება
air,ჰაერი
daddy,მამიკო
finally,საბოლოოდ
chuckles,ხითხითებს
fast,სწრაფი
cold,ცივი
seem,ჩანს
laughing,იცინის
words,სიტყვები
hospital,საავადმყოფო
street,ქუჩა
hang,დაკიდება
dance,ცეკვა
meeting,შეხვედრა
till,-მდე / სანამ
others,სხვები
catch,დაჭერა
follow,გაყოლა
sense,გრძნობა
sex,სქესი
lie,ტყუილი
evening,საღამო
master,დაუფლება
known,ცნობილი
dream,ოცნება / სიზმარი
write,წერა
voice,ხმა
sweet,ტკბილი
felt,იგრძნო
sign,ნიშანი
lucky,იღბლიანი
somewhere,სადმე
bet,სანაძლეოს დადება
calling,დარეკვა
worked,მუშაობდა
quiet,წყნარი
looked,უყურებდა
less,ნაკლები
pull,გაწევა
beat,"რიტმი, დარტყმა"
careful,ფრთხილი
coffee,ყავა
return,დაბრუნება
secret,საიდუმლო
weeks,კვირები
date,თარიღი
fall,დავარდნა / ცვენა / შემოდგომა
given,მოცემული
fault,ბრალი
straight,პირდაპირი / სწორი
takes,იღებს
song,სიმღერა
future,მომავალი
gentlemen,ბატონები
loved,უყვარდა
changed,შეიცვალა
road,გზა
calm,მშვიდი
wonderful,შესანიშნავი
mad,შეშლილი
drop,წვეთი / დაგდება
ladies,ქალბატონები
learn,სწავლა
step,ნაბიჯი
absolutely,აბსოლუტურად
early,ადრე
explain,ახსნა
clean,სუფთა
piece,ნაწილი
yesterday,გუშინ
throw,გადაგდება
picture,სურათი
land,მიწა
feet,ფეხები
wonder,გაკვირვება
questions,შეკითხვები
speaking,ლაპარაკი
worth,ღირსი
darling,ძვირფასო
giving,მიცემა
president,პრეზიდენტი
eye,თვალი
quick,ჩქარი
moving,მოძრაობა
figure,ფიგურა
strong,ძლიერი
none,არაფერი / ცარიელი
amazing,საოცარი
works,მუშაობს
act,მოქმედება
weird,უცნაური
law,კანონი
worried,შეწუხებული
report,მოხსენების გაკეთება
goodbye,ნახვამდის
missing,დაკარგული
choice,არჩევა
happening,ხდება
chief,უფროსი
wedding,ქორწილი
strange,უცნაური
general,საერთო / ზოგადი
pain,ტკივილი
am,ვარ
kidding,ხუმრობა
decided,გადაწყვიტა
pass,გავლა
tired,დაღლა
class,კლასი
officer,ოფიცერი
kept,ინახება
wake,გაღვიძება
worse,უარესი
busy,დაკავებული
mistake,შეცდომა
kiss,კოცნა
court,სასამართლო
building,შენობა
finish,დამთავრება / ფინიში
during,განმავლობაში
age,ასაკი
ship,გემი
caught,დაიჭირეს
marry,დაქორწინება
meant,აღნიშნავდა / ჩაფიქრებული იყო
sell,გაყიდვა
dark,ბნელი
watching,ყურება
system,სისტემა
suppose,ვარაუდი
evidence,დამამტკიცებელი საბუთი
movie,კინო
ride,მგზავრობა
completely,სრულიად
mouth,პირი
totally,სრულებით
birthday,დაბადების დღე
tv,ტელევიზორი
forgive,პატიება
born,დაბადებული
imagine,წარმოდგენა
information,ინფორმაცია
instead,ნაცვლად
definitely,ზუსტად
security,უსაფრთხოება /  დაცვის სამსახური
certainly,უდაოდ
film,ფილმი
month,თვე
lying,ტყუილის თქმა
unless,მანამ სანამ
train,წვრთნა / მატარებელი
wear,ჩაცმა / ტარება
clothes,ტანსაცმელები
hotel,სასტუმრო
christmas,შობა
attack,შეტევა
round,მომრგვალებული
expect,მოლოდინი
sing,მღერა
terrible,საშინელი
bag,ჩანთა
history,ისტორია
near,ახლო
broke,გატეხილი / გაკოტრებული 
station,სადგური
seriously,სერიოზულად
forever,სამუდამოდ
frank,გულწრფელი
except,გარდა
thinks,ფიქრობს
message,"წერილი, შეტყობინება"
entire,მთელი / მთლიანი
table,მაგიდა
talked,ისაუბრა
across,გადაღმა
rock,ქვა / კლდე
lovely,საყვარელი
handle,"მართვა, გამკლავება"
middle,შუა
buddy,"მეგობარი, მოყვარე"
paid,გადახდილი
protect,დაცვა
using,[რაღაცის] გამოყენებით
floor,იატაკი
swear,დაფიცება
spend,დახარჯვა
situation,სიტუაცია
ring,რეკვა
anywhere,სადმე
dangerous,საშიში
bill,კუპიურა / ანგარიში / კანონპროექტი
army,არმია
lead,გაძღოლა / ტყვია 
bought,შეიძინა
finished,დამთავრება
fair,სამართლიანი
sun,მზე
letter,წერილი
fool,სულელი 
attention,ყურადღება
club,კლუბი
simple,უბრალო
interesting,საინტერესო
space,სივრცე
test,ტესტი / ექსპერიმენტი / სინჯვა
box,ყუთი / კოლოფი
group,დაჯგუფება
single,მარტოხელა
sitting,სხდომა / მჯდომი
marriage,ქორწინება
join,შეერთება
fear,შიში
peace,მშვიდობა
forgot,დაავიწყდა
force,ძალა
short,მოკლე
normal,ნორმალური
present,საჩუქარი / აწმყო
enjoy,ისიამოვნე
crime,"დანაშაული, კრიმინალი"
horse,ცხენი
ground,მიწა
american,ამერიკელი 
count,დათვლა
area,ფართობი
charge,დამუხტვა / საფასურის გადახდევინება
honor,პატივი
lunch,ლანჩი
miles,მილი
radio,რადიო
idiot,იდიოტი 
ball,ბურთი
surprise,სიურპრიზი
paper,ქაღალდი
key,გასაღები
boat,ნავი
quickly,ჩქარა
gold,ოქრო
bar,ბარი
fish,თევზი
mark,"ნიშანი, აღნიშვნა"
wearing,აცვია / ატარებს
crying,ტირილი
accident,შემთხვევა
government,მთავრობა
fell,დაეცა
cover,საფარი
certain,განსაზღვრული
interested,დაინტერესებული
deep,ღრმა
star,ვარსკვლავი
sea,ზღვა
agree,დათანხმება
problems,პრობლემები
detective,დეტექტივი
prison,ციხე
major,"მაიორი, ძირითადი"
stick,ჯოხი
offer,შეთავაზება
difficult,ძნელი
smart,ჭკვიანი
personal,პირადი
record,რეკორდი
stopped,შეჩერდა
hide,დამალვა
whether,თუ
bank,ბანკი
trip,მოგზაურობა
relax,მოდუნება
public,სახალხო
list,სია
afternoon,ნაშუადღევი
brain,ტვინი
fix,მიმაგრება
bastard,ნაბიჭვარი
proud,ამაყი
tea,ჩაი
service,"მომსახურება, სერვისი"
screaming,ყვირილი
forward,წინ
angry,გაბრაზებული
park,პარკი
soul,სული
fighting,ბრძოლა
rich,მდიდარი
agent,აგენტი 
blow,"შებერვა, გაბერვა"
dress,კაბა
missed,"გამოტოვებული, გაცდენილი"
scene,სცენა
killing,მოკვლა
standing,მდგომი
saved,გადაარჩინა
respect,პატივისცემა
killer,მკვლელი 
ice,ყინული
mess,არეულობა
tough,"მაგარი, ძნელი"
feels,გრძნობს
church,ეკლესია
sad,ნაღვლიანი
cell,უჯრედი / საკანი
drunk,მთვრალი
share,გაზიარება
camera,კამერა
within,-ში
card,ბარათი
fly,ფრენა
girlfriend,მეგობარი გოგო
laugh,გაცინება
smell,სუნი
broken,გატეხილი
mum,დედა
honest,გულწრფელი
often,ხშირად
starting,იწყება
calls,ზარები
spent,დახარჯული
third,მესამე
visit,ვიზიტი
judge,მოსამართლე
window,ფანჯარა
hungry,მშიერი
dare,გაბედვა
relationship,ურთიერთობა
moved,გადავიდა
prove,დამტკიცება
private,კერძო
wall,კედელი
seat,"სკამი, ადგილი"
position,პოზიცია
realize,განხორციელება
lt,ეს
especially,განსაკუთრებით
machine,მანქანა
walking,სიარული
art,ხელოვნება
pleasure,სიამოვნება
bloody,სისხლიანი
college,კოლეჯი
french,ფრანგი
involved,ჩართული
cry,ტირილი
became,გახდა
lived,ცხოვრობდა
impossible,შეუძლებელი
obviously,აშკარად
neither,არც ეს
accept,მიღება
boyfriend,მეგობარი ბიჭი
besides,გარდა ამისა
queen,დედოფალი
teacher,მასწავლებელი 
cops,პოლიციელები
sake,გულისთვის
loves,უყვარს
carry,ტარება
teach,სწავლება
apartment,ბინა
upset,ნაწყენი
liked,მოწონებული
cute,საყვარელი
evil,ბოროტი
professor,პროფესორი 
contact,კონტაქტი
joke,ხუმრობა
cop,პოლიციელი
huge,უზარმაზარი
holy,წმინდა
store,მაღაზია
jail,ციხე
likes,მოსწონს
lawyer,ადვოკატი
doubt,დაეჭვება
continue,გაგრძელება
appreciate,დაფასება
cat,კატა
shop,მაღაზია
driving,მანქანის მართვა
congratulations,გილოცავ
wrote,დაწერა
village,სოფელი
quit,"მიტოვება, გამოსვლა"
field,მინდორი
wine,ღვინო
decision,გადაწყვეტილება
south,სამხრეთი
sleeping,ძინავს
slow,ნელი
laughter,სიცილი
island,კუნძული
glass,შუშა / ჭიქა
beginning,დასაწყისი
cash,ნაღდი ფული
dying,კვდება
whose,ვისიც
difference,განსხვავება
plane,თვითმფრინავი
push,ბიძგი
continues,გრძელდება
singing,მღერა
eating,ჭამა
tree,ხე
madam,ქალბატონი
gift,საჩუქარი
truck,სატვირთო მანქანა
bear,დათვი
board,"დაფა, ფიცარი, საბჭო"
grab,ხელის ჩავლება
beer,ლუდი
stuck,გაჭედილი
magic,მაგია
support,მხარდაჭერა
rules,წესები
grunts,წუწუნებს
partner,საქმიანი პარტნიორი 
reach,მიღწევა
wind,ქარი
colonel,პოლკოვნიკი
immediately,დაუყოვნებლივ
seconds,წამები
gives,აძლევს
experience,გამოცდილება
cheers,გაუმარჯოს
victim,მსხვერპლი 
upon,-ზე
computer,კომპიუტერი
christ,ქრისტე
planet,პლანეტა
promised,დაპირებული
bus,ავტობუსი
dirty,ჭუჭყიანი
search,ძებნა
staying,დარჩენა
dreams,სიზმრები
arrest,დაპატიმრება
holding,ხელში ჭერა
suddenly,მოულოდნელად
usually,ჩვეულებრივ
lots,ბევრი
shoes,ფეხსაცმელი
jump,ხტომა
rid,თავიდან მოშორება
knock,კაკუნი
owe,ვალის ქონა
grow,ზრდა
worst,ყველაზე უარესი
river,მდინარე
aunt,მამიდა
patient,პაციენტი ქალი
kitchen,სამზარეულო
fat,"ცხიმი, მსუქანი"
passed,გასული
final,ფინალი
summer,ზაფხული
listening,მოსმენა
escape,გაქცევა
everywhere,ყველგან
moon,მთვარე
arms,მკლავები / შეიარაღება
turns,"მობრუნება, მოსახვევი"
address,მისამართი
match,"მატჩი, შეესაბამება"
gasps,"იხუთება, მძიმედ სუნთქავს"
grand,გრანდიოზული
yep,დიახ
nervous,ნერვული
choose,არჩევა
themselves,თვითონ
decide,გადაწყვეტა
mate,"ამხანაგი, მეგობარი"
drinking,სმა
press,მიჭერა / პრესა
bother,შეწუხება
foot,ფეხი
blame,ბრალის დადება
crap,ნეხვი
drugs,წამალი / ნარკოტიკები
type,ტიპი
rings,ბეჭდები
mission,მისია
named,სახელად / დაასახელა
heaven,სამოთხე
picked,"აკრეფილი, მოკრეფილი, არჩეული"
race,რბოლა / რასა
risk,რისკი
books,წიგნები
further,უფრო შორს
action,მოქმედება
allowed,ნებადართული
orders,ბრძანებები
learned,ისწავლა
price,ფასი
arrived,ჩავიდა
otherwise,წინააღმდეგ შემთხვევაში
pictures,სურათები
fit,"მორგება, შესაბამისობა"
smoke,მოწევა / კვამლი
favor,"ხელშეწყობა, დახმარება"
played,ითამაშა
notice,"განცხადება, შენიშვნა"
awesome,გასაოცარია
smile,გაღიმება
director,დირექტორი 
guard,მცველი 
begin,დაწყება
spot,ლაქა
surprised,გაკვირვებული
innocent,უდანაშაულო
narrator,მთხრობელი
herself,თვითონ
feelings,გრძნობები
enemy,მტერი
battle,ბრძოლა
ourselves,ჩვენ თვითონ
dollars,დოლარები
allow,ნებართვის მიცემა
gay,"გეი, ჰომოსექსუალი / მხიარული"
department,განყოფილება
guilty,დამნაშავე
apart,მოშორებით
earlier,უფრო ადრე
duty,მოვალეობა 
suit,კოსტიუმი
bell,ზარი
hero,გმირი
destroy,განადგურება
stage,სცენა
bunch,"კონა, ერთად შეჯგუფებული"
according,მიხედვით
chicken,წიწილა
bigger,უფრო დიდი 
grunting,"ღრიალი, ღრუტუნი"
low,დაბლა
helping,დახმარება
admit,აღიარება
closed,დაკეტილი
names,სახელები
witness,"თვითმხილველი, მოწმე"
upstairs,ზედა სართულზე
arm,"მხარი, შეიარაღება"
steal,მოპარვა
kick,"წიხლის კვრა, დარტყმა"
twice,ორჯერ
cross,ჯვარი
ways,გზები
indeed,ნამდვილად
gas,გაზი
keeping,შენახვა
energy,ენერგია
pregnant,ორსული
waste,დახარჯვა / ნაგავი
helped,დაეხმარა
fired,სამსახურიდან გათავისუფლებული
favorite,ფავორიტი
taste,გემო
locked,ჩაკეტილი
places,ადგილები
writing,წერა
brothers,ძმები
starts,იწყება
prince,პრინცი
form,ფორმა
sold,გაყიდული
silly,სულელური
mention,მოხსენიება
build,შენება
throat,ყელი
hole,ნახვრეტი
figured,ფიგურირებდა
track,"კვალი, ბილიკი / კურსი"
ringing,რეკვა
lock,დაკეტვა
above,-ზე
hiding,დამალვა
seemed,ჩანდა
breakfast,საუზმე
engine,ძრავა
written,დაწერილი
complete,სრული
video,ვიდეო
applause,ტაში
however,თუმცა
pressure,წნევა
fresh,ახალი
weapon,იარაღი
sky,ცა
stole,მოიპარეს
study,სწავლა
burn,დაწვა
reading,კითხვა
crowd,ბრბო
treat,მოპყრობა
roll,რულონი
double,ორმაგი
spirit,სული
danger,საშიშროება
cost,ღირებულება
empty,ცარიელი
level,დონე
memory,მეხსიერება
itself,თვითონ
acting,მოქმედი
interest,ინტერესი
nose,ცხვირი
plans,გეგმები
following,"მომდევნო, შემდეგი"
bathroom,აბაზანა
built,აშენებული
closer,ახლო
ray,სხივი
band,"ბენდი, ორკესტრი, სალტე"
groans,კვნესის
apparently,როგორც ჩანს
excited,აღელვებული
losing,"წაგება, დაკარგვა"
animals,ცხოველები
flight,ფრენა
nature,ბუნება
raise,აწევა
client,კლიენტი 
bomb,ბომბი
neck,კისერი
suspect,ეჭვმიტანილი 
warm,თბილი
extra,დამატებითი
bottle,ბოთლი
van,ფურგონი
heavy,მძიმე
mommy,დედიკო
dogs,ძაღლები
wild,ველური
ridiculous,"აბსურდული, სასაცილო, უაზრო"
simply,"უბრალოდ, მარტივად"
animal,ცხოველი
showed,აჩვენა
shooting,სროლა
keeps,"ინახავს, ინარჩუნებს"
camp,ბანაკი / კარავი
guns,იარაღები
medical,სამედიცინო
shame,სირცხვილი
hoping,იმედი
whom,ვის
bird,ფრინველი
majesty,უდიდებულესობა
flowers,ყვავილები
famous,ცნობილი
asleep,მძინარე
beauty,სილამაზე
driver,მძღოლი 
keys,გასაღებები
rain,წვიმა
awful,საშინელი
large,დიდი
local,ადგილობრივი
deserve,დამსახურება
goddamn,ჯანდაბა!
stone,ქვა
consider,მიჩნევა
weekend,შაბათ-კვირა
wondering,დაინტრესებული
lay,კვერცხის დადება / ნელა დადება
plenty,უამრავი
willing,მოსურნე
pants,შარვალი
sweetheart,საყვარელო
skin,კანი
excellent,საუკეთესო
beach,ზღვის ნაპირი
faith,რწმენა
beg,თხოვნა
responsible,პასუხისმგებელი
military,სამხედრო
cheering,გამხნევება / აპლოდისმენტები
opportunity,შესაძლოა
common,"საერთო, ფართოდ გავრცელებული"
bottom,"ფსკერი, ძირი"
german,გერმანელი
whoever,ვინმე
cook,"მზარეული , მომზადება კერძის"
walked,დადიოდა
papers,ნაშრომები
justice,სამართლიანობა
hall,დარბაზი
commander,მეთაური
drug,წამალი
main,მთავარი
knife,დანა
devil,ეშმაკი
necessary,აუცილებელი
although,თუმცა
princess,პრინცესა
lights,შუქები
flying,ფრენა / მფრინავი
rose,ვარდი
knowing,ცოდნა
clearly,"ცხადად, გარკვევით"
hat,ქუდი
agreed,შეთანხმებული
corner,კუთხე
code,კოდი
note,შენიშვნა
due,გამო
correct,სწორი
apologize,ბოდიშის მოხდა
language,ენა
stars,ვარსკვლავები
faster,უფრო სწრაფად
cars,ავტომანქანები
folks,ხალხი
bullshit,უაზრობა
fellow,მოძმე
several,რამდენიმე
grandma,ბებია
shows,აჩვენებს / სანახაობები
leader,ხელმძღვანელი 
leaves,ფოთლები
restaurant,რესტორანი
shouting,დაყვირება
blind,ბრმა
ghost,მოჩვენება
cup,ფინჯანი
tight,მჭიდრო
conversation,საუბარი
tells,მოგვითხრობს
lies,ტყუილები
nor,ვერც
pulled,გამოქაჩა
hanging,ჩამოკიდებული
speed,სისწრაფე
stories,"ისტორიები, მოთხრობები"
health,ჯანმრთელობა
advice,რჩევა
murdered,მოკლული
beyond,მიღმა
rule,წესი / მართვა
hardly,ძლივს
possibly,შესაძლოა
inspector,ინსპექტორი
cousin,"ბიძაშვილი, მამიდაშვილი, დეიდაშვილი"
trial,"გამოცდა, საცდელი"
emergency,განსაკუთრებული მდგომარება
ought,უნდა
somehow,როგორღაც
hearing,მოსმენა
states,შტატები
account,ანგარიში
spoke,ისაუბრა
file,საქაღალდე
understood,მიხვდა
angel,ანგელოზი
tape,"ფირი, ლენტა"
milk,რძე
powerful,ძლიერი
weapons,იარაღი
practice,ვარჯიში
manager,მმართველი 
pardon,უკაცრავად
vote,ხმის მიცემა
national,ეროვნული
career,კარიერა
minister,მინისტრი
super,შესანიშნავი
taught,ასწავლიან
biggest,ყველაზე დიდი
plays,თამაშობს / პიესები
natural,"ბუნებრივი, ნატურალური"
dancing,ცეკვა
copy,კოპირება
plus,პლუსი
cake,ნამცხვარი
freedom,თავისუფლება
among,შორის
breath,სუნთქვა
operation,ოპერაცია
crew,ეკიპაჟი
challenge,გამოწვევა
market,ბაზარი
meat,ხორცი
towards,მიმართ
bringing,შემოტანა
dropped,დავარდა
student,სტუდენტი
lied,ატყუებდა
strength,ძალა
size,ზომა
breathe,სუნთქვა
color,ფერი
monster,ურჩხული
loud,ხმამაღლა
photo,ფოტო
nearly,თითქმის
sight,"მხედველობა, ღირსშესანიშნაობა"
greatest,ყველაზე დიდი
games,თამაშები
bridge,ხიდი
dressed,ჩაცმული
arrested,დაკავებული
horrible,საშინელი
coach,მწვრთნელი 
planning,დაგეგმვა
checked,შემოწმებული
breaking,მსხვრევა
noticed,შენიშნა
fantastic,ფანტასტიკური
screams,ყვირილი
serve,სამსახური
ideas,იდეები
investigation,გამოძიება
center,ცენტრი
older,უფროსი ასაკით
pack,"შეფუთვა, ""პაჭკა"""
soldiers,ჯარისკაცები
nonsense,უაზრობა
project,პროექტი
training,"ვარჯიში, ტრენინგი"
example,მაგალითი
trick,"ტრიუკი, ხრიკი"
prepared,მომზადება
science,მეცნიერება
united,შეერთებული
travel,მოგზაურობა
incredible,დაუჯერებელი
paying,გადასახადი
character,პერსონაჟი 
teeth,კბილები
criminal,კრიმინალი
chinese,ჩინელი
truly,ნამდვილად
honestly,გულწრფელად
bro,ძმაო
survive,გადარჩენა
target,სამიზნე
feed,გამოკვება
nurse,ძიძა / ექთანი
fake,ყალბი
records,ჩანაწერები
breathing,სუნთქვა
sweetie,ტკბილი
numbers,რიცხვები
oil,"ნავთობი, ზეთი, საწვავი"
suicide,თვითმკვლელობა
belong,მიკუთვნება
perfectly,სრულყოფილად
forgotten,დავიწყებული
remain,რჩება
original,"ორიგინალი, დედანი"
concerned,"დაინტერესებული, შეშფოთებული"
credit,კრედიტი
invited,მოწვეული
discuss,განხილვა
research,კვლევა
easier,უფრო ადვილია
view,ხედი
chair,სკამი
hurts,მტკივნეულია
fill,გავსება
condition,პირობა
mountain,მთა
nowhere,არსად
sheriff,შერიფი
turning,გადაქცევა
brown,ყავისფერი
recognize,ამოცნობა
heads,"თავები, ხელმძღვანელები"
audience,"აუდიტორია, მაყურებლები"
all,ყველა
jealous,ეჭვიანი
pretend,თავის მოჩვენება
society,საზოგადოება
finding,მოძიება
shirt,პერანგი
comfortable,მოხერხებული
meaning,მნიშვნელობა
guest,სტუმარი 
pieces,ნაჭრები
dry,მშრალი
letting,ნების დართვა
began,დაიწყო
female,მდედრი
release,"გათავისუფლება / გამოქვეყნება, გამოშვება"
cards,ბარათები
pray,ლოცვა
unfortunately,საუბედუროდ
balls,ბურთები
destroyed,განადგურებული
ended,დასრულდა
universe,სამყარო
prepare,მომზადება
opinion,აზრი
movies,ფილმები
soldier,ჯარისკაცი
wash,რეცხვა
program,პროგრამა
heat,"სითბო, სიცხე"
usual,ჩვეულებრივი
ticket,ბილეთი
stolen,მოპარული
prefer,"უპირატესობის მინიჭება, ვამჯობინებ"
aware,"აზრზე მყოფი, მცოდნე"
surely,აუცილებად
male,მამრი
base,საფუძველი
matters,საკითხები
lift,"ლიფტი, აწევა"
lab,ლაბორატორია
command,ბრძანება
proof,დამამტკიცებელი საბუთი
cream,ნაღები / კრემი
selling,გაყიდვა
believed,სჯეროდა
create,შექმნა
afford,მატერიალურად გაწვდომა
total,სრული
dumb,ჩლუნგი
threw,"სროლა, გადაგდება"
birth,დაბადება
created,შექმნილი
realized,რეალიზებული / გაცნობიერებული
british,"ინგლისელი, ბრიტანელი"
noise,ხმაური
nuts,სიგიჟე
students,სტუდენტები
birds,ჩიტები
social,სოციალური
brilliant,ბრწყინვალე
bodies,"ორგანოები, სხეული"
tie,"შეხვევა, ყელსახვევი"
opened,გახსნა
ours,ჩვენი
mister,ბატონი
ugly,მახინჯი
focus,ფოკუსი
opens,ხსნის
exist,არსებობს
followed,"გაყოლილი, მიდევნებული"
england,ინგლისი
draw,ხატვა
purpose,მიზანი
letters,წერილები
opening,გახსნა
bullet,ტყვია
lately,ბოლო დროს
stayed,დარჩა
falling,"ცვენა, დაცემა"
season,"წლის დრო, სეზონი"
ends,მთავრდება
suggest,შემოთავაზება
joy,მხიარულება
distance,დისტანცია
responsibility,პასუხისმგებლობა
whenever,ნებისმიერ დროს
issue,საკითხი / პრობლემა 
process,"პროცესი, დამუშავება"
sword,ხმალი
shower,შხაპი
weak,სუსტი
lonely,განმარტოებული
happiness,ბედნიერება
tiny,პაწია
desk,მერხი
pool,საცურაო აუზი
property,საკუთრება
forced,იძულებითი
settle,დასახლება / გადაწვეტილებამდე მისვლა
indistinct,გაურკვეველი
weight,წონა
received,მიღებული
gang,ბანდა
bite,კბენა
disappeared,გაქრა
interview,ინტერვიუ
expecting,ელოდება
kinda,თითქოს
surgery,ქირურგია
horses,ცხენები
ancient,ანტიკური / უძველესი
handsome,დახვეწილი / სიმპათიური
staff,პერსონალი
lines,ხაზები
unit,ერთეული
fan,"ფანატი, თაყვანისმცემელი / ვენტილატორი"
gentleman,ჯენტლმენი
introduce,გაცნობა / შესავალი
fate,ბედი
split,დაყოფა
recently,ახლახან
expected,მოსალოდნელია
add,დამატება
ordered,უბრძანა
slowly,ნელა
alarm,მაღვიძარა / განგაში
member,წევრი
slept,ეძინა
signed,ხელმოწერილი
enter,შესვლა
spanish,ესპანური
garden,ბაღი
brings,მოაქვს
brave,მამაცი
pig,ღორი
model,ნიმუში
finger,თითი
medicine,წამალი
access,წვდომა
failed,"ჩაიჭრა, არ გამოუვიდა"
flat,ბინა
easily,ადვილად
discovered,აღმოჩენილი
based,დაფუძნებულია
screw,ხრახნი
insane,გიჟი
cares,ზრუნავს
weather,ამინდი
fingers,თითები
path,ბილიკი
soft,რბილი
harm,ზიანის მიყენება
style,სტილი
community,თემი
sees,ხედავს
basically,ძირითადად
signal,სიგნალი
nope,"არა, უარი"
spare,სათადარიგო
speech,"სიტყვა, მოხსენება"
covered,დაფარული
shake,რხევა
loose,მოშვებული
snow,თოვლი
russian,რუსი
lake,ტბა
bright,ნათელი
roof,სახურავი
sending,გაგზავნა
paint,"საღებავი, ხატვა"
remind,გახსენება
naked,შიშველი
post,პოსტი
sugar,შაქარი
heading,სათაური
streets,ქუჩები
damage,"ზიანი, ზარალი"
silence,სიჩუმე
doors,კარები
success,წარმატება
wet,სველი
amount,რაოდენობა
members,წევრები
manage,"მენეჯმენტი, ორგანიზება"
safety,უსაფრთხოება
returned,დაბრუნდა
harder,უფრო ძლიერად
block,ბლოკი
showing,ჩვენება
fancy,"ლამაზი, ფუფუნების საგანი"
chef,შეფ-მზარეული 
contract,ხელშეკრულება
dig,თხრა
chest,"მკერდი / ყუთი, ზანდუკი"
good-bye,ნახვამდის
drinks,სასმელები
buried,დაკრძალვა
trade,ვაჭრობა
journey,მოგზაურობა
stomach,კუჭი
changes,ცვლილებები
details,დეტალები
thoughts,ფიქრები
divorce,განქორწინება
funeral,დაკრძალვა
football,ფეხბურთი
reality,სინამდვილე
theory,თეორია
ruined,"დანგრეული, განადგურებული"
gate,ჭიშკარი
spread,გავრცელება
japanese,იაპონელი
sudden,მოულოდნელი
coat,პალტო
sooner,უფრო ადრე
cheese,ყველი
spring,"წყარო, გაზაფხული"
page,გვერდი
ears,ყურები
castle,ციხესიმაგრე
hidden,დაფარული 
storm,ქარიშხალი
personally,პირადად
artist,ხელოვანი
hill,ბორცვი
exciting,ამაღელვებელი
permission,ნებართვა
expensive,ძვირი
tickets,ბილეთები
forest,ტყე
barely,ძლივს
eggs,კვერცხები
regret,სინანული
lesson,გაკვეთილი
lover,შეყვარებული
bread,პური
subject,"საგანი, ქვემდებარე"
legal,სამართლებრივი
growing,იზრდება
ill,ავადმყოფი
mood,ხასიათი
owner,მესაკუთრე 
caused,გამოწვეული
beeping,სიგნალი
points,ქულები / წერტილები
dating,დათარიღება / პაემანზზე სიარული
loss,დაკარგვა
secretary,მდივანი 
revenge,შურისძიება
santa,სანტა
likely,სავარაუდოდ
rent,გაქირავება
connection,კავშირი
assistant,"ასისტენტი, დამხმარე"
reasons,მიზეზი
yelling,ყვირილი
painting,ნახატი
trees,ხეები
doctors,ექიმები
rush,სიჩქარე
foreign,უცხო ქვეყნის მოქალაქე
rough,უხეში
murderer,მკვლელი
century,საუკუნე
nights,ღამეები
pair,წყვილი
runs,გარბის
pocket,ჯიბე
farm,ფერმა
bike,ველოსიპედი
obvious,აშკარა
ate,შეჭამა
grew,გაიზარდა
professional,პროფესიონალი
goodness,სიკარგე
parts,ნაწილები
university,უნივერსიტეტი
square,მოედანი
genius,გენიოსი
cases,შემთხვევები
ruin,"გაფუჭება, დანგრევა"
winter,ზამთარი
tongue,ენა
memories,მოგონებები
buying,ყიდვა
cancer,კიბო
clock,საათი
ocean,ოკეანე
dna,დეენემი
liar,მატყუარა 
tour,მგზავრობა
thief,ქურდი 
bleep,წრიპინი
rights,უფლებები
including,ჩათვლით
competition,"შეჯიბრება, კონკურსი"
planned,დაგეგმილი
boring,მოსაწყენი
victims,მსხვერპლები
mentioned,აღნიშნული
bones,ძვლები
plant,დარგვა
bless,კურთხევა
warning,გაფრთხილება
knocking,კაკუნი
crash,ავარია
bedroom,საწოლი ოთახი
lower,უფრო დაბალი
silver,ვერცხლი
groaning,კვნესა
madame,მადამ
defense,დაცვა
results,შედეგები
toilet,ტუალეტი
event,"შემთხვევა, ღონისძიება."
complicated,გართულებული
shape,ფორმა
priest,მღვდელი
royal,სამეფო
cheap,იაფი
romantic,რომანტიკული
downstairs,"დაბლა, ქვედა სართულზე"
invite,მოწვევა
fortune,ბედი
tears,ცრემლები
avoid,თავიდან აცილება
reached,მიაღწია
higher,უფრო მაღალი
familiar,ნაცნობი
telephone,ტელეფონი
burning,დამწვრობა
filled,სავსე
airport,აეროპორტი
jobs,სამუშაო ადგილები
grown,გაზრდილი
giant,გიგანტი
insurance,დაზღვევა
woods,ტყეები
scare,შეშინება
pleased,მოხარული
period,პერიოდი
political,პოლიტიკური
player,მოთამაშე 
stops,შეჩერდება
secrets,საიდუმლოებები
repeat,გამეორება
photos,ფოტოები
finds,აღმოაჩენს
statement,განცხადება
suck,წოვა
younger,უფრო ახალგაზრდა
humans,ადამიანები
delicious,უგემრიელესი
particular,გარკვეული / კონკრეტული
proper,"სათანადო, სწორი, მართებული"
belongs,ეკუთვნის
attacked,დაესხნენ თავს
bath,აბაზანა
hired,დაქირავებული
site,საიტი
knowledge,ცოდნა
led,გაუძღვა
guests,სტუმრები
celebrate,"აღნიშვნა, ზეიმი"
map,რუკა
horn,რქა / სიგნალი
eventually,საბოლოოდ
pity,"სამწუხარო, დასანანი"
powers,ძალები
ashamed,დარცხვენილი
assume,ვარაუდი
glasses,სათვალეები / ჭიქები
rise,მაღლა აწევა
fixed,ფიქსირებული
request,მოთხოვნა
pounds,ფუნტი
data,მონაცემები
carefully,ფრთხილად
per,თითოეული
depends,დამოკიდებულია
jury,ჟიური / ნაფიც მსაჯულთა სასამართლო
waited,ელოდა
positive,დადებითი
attorney,ადვოკატი 
direction,მიმართულება
families,ოჯახები
clock,საათი
forces,ძალები
location,ადგილმდებარეობა
walls,კედლები
useless,უსარგებლო
grant,ჩუქება / გრანტი
saving,"შენახვა, დაზოგვა"
speaks,საუბრობს
fought,იბრძოდა
meal,საჭმელი
deliver,მიტანა
answers,პასუხები
changing,შეცვლა
temple,ტაძარი / საფეთქელი
scary,საშიში
offered,შესთავაზა
regular,რეგულარული
carrying,ტარება
official,თანამდებობის პირი
jacket,ქურთუკი
switch,"შეცვლა, გამორთვა"
grave,სამარე
chase,დევნა
role,როლი
odd,კენტი / უცნაური
sexy,სექსუალური
faces,"სახეები, პერსონები"
becomes,ხდება
closes,იკეტება
badly,ცუდად / მძიმედ / ძალიან
tall,მაღალი
confused,დაბნეული
affair,კავშირი / რომანი / საქმიანობა 
television,ტელევიზია
shock,"დარტყმა / იმპულსი, შოკი"
panting,ქოშინი
pizza,პიცა
image,გამოსახულება
clears,"წმენდს, იწმენდს"
golden,ოქროსი
patients,პაციენტები
watched,ვუყურე
committed,ჩადენილი
sexual,სექსუალური
suffer,ტანჯვა
wherever,სადაც არ
plate,თეფში
appear,გამოჩენა
chocolate,შოკოლადი
clever,ჭკვიანი
mercy,წყალობა
shots,გასროლა
dealing,საქმე
trap,მახე
charges,"ბრალდება, ხარჯი, დამუხტვა"
bang,აფეთება
poison,საწამლავი
butt,საჯდომი / კონდახი
drove,მართავდა
yourselves,თქვენთვითონ
babies,ბავშვები
soup,სუპი
mystery,საიდუმლო
picking,"კრეფა, შეგროვება"
sat,დაჯდა
wound,ჭრილობა
traffic,საგზაო მოძრაობა
courage,სიმამაცე
hunt,ნადირობა
indian,ინდიელი 
rat,ვირთხა
terms,ვადები / პირობები
italian,იტალიელი
checking,შემოწმება
disease,დაავადება
managed,"მოახერხა, წარმართა"
winner,გამარჯვებული 
council,საბჭო
appointment,საქმიანი შეხვედრა
monday,ორშაბათი
crack,ჭახანი / ბზარი
threat,"მუქარა, საფრთხე"
physical,ფიზიკური
nation,ერი
source,წყარო
chose,აირჩეს
healthy,ჯანმრთელი
victory,გამარჯვება
stood,იდგა
kicked,დაარტყა
disgusting,საზიზღარი
palace,სასახლე
below,"ქვევით, დაბლა"
shopping,ვაჭრობა
neighborhood,მეზობლობა
lips,ტუჩები
midnight,შუაღამე
piss,შარდი
advantage,უპირატესობა
pure,წმინდა
india,ინდოეთი
aside,განზე
mail,ფოსტა
dawn,განთიადი
effect,ეფექტი
spell,შელოცვა
freak,შეშლილი
wood,ტყე
screwed,ხრახნი
enemies,მტრები
awake,გაღვიძება
chuckling,"ჩაცინება, ხითხითი"
vacation,არდადეგები
violence,ძალადობა
grandmother,ბებია
modern,თანამედროვე
firm,"ფირმა, კომპანია, მტკიცე"
prime,პრემიერ
touched,შეეხო
talent,ნიჭი
whore,მეძავი
piano,პიანინო
license,ლიცენზია
cooking,საჭმლის მომზადება
honour,პატივი
concern,"ნერვიულობა, შფოთვა / კავშირი"
moves,მოძრაობს
available,ხელმისაწვდომი
factory,ქარხანა
gods,ღმერთები
value,ღირებულება
central,ცენტრალური
union,კავშირი
mirror,სარკე
studio,სტუდიო
media,მედია
taxi,ტაქსი
dies,კვდება
iron,"უთო, გაუთოება / რკინა"
hearts,გულები
desire,ძლიერი სურვილი
rob,ძარცვა
songs,სიმღერები
monkey,მაიმუნი
pride,სიამაყე
pills,აბები
miracle,სასწაული
swim,ცურვა
burned,დამწვარი
smells,სუნი
joking,ხუმრობა
christian,ქრისტიანი
bleeding,სისხლდენა
hook,კავი
beating,ცემა / დამარცხება
protection,დაცვა
treatment,მკურნალობა
ear,ყური
metal,ლითონი
disappear,გაუჩინარება
grateful,მადლიერი
extremely,უკიდურესად
treasure,საგანძური
rescue,გადარჩენა
capable,უნარიანი
passing,გავლა / გატარება / გადაცემა
chatter,"ლაყბობა, ლაქლაქი"
result,შედეგი
suffering,ტანჯვა
sisters,დები
governor,გუბერნატორი
guards,მცველები
text,ტექსტი
literally,სიტყვასიტყვით
remove,"მოშორება, წაშლა"
becoming,გახდება
performance,შესრულება
stronger,ძლიერი
rate,"ფასი, ტარიფი"
deeply,ღრმად
scream,კივილი
desert,უდაბნო
vehicle,ავტომობილი
illegal,უკანონო
pulling,"გაქაჩვა, გაზიდვა"
throwing,სროლა
unbelievable,დაუჯერებელი
zero,ნული
curious,ცნობისმოყვარე
candy,ტკბილეული
bone,ძვალი
tied,დაბმული
edge,კიდე
load,დატვირთვა
mountains,მთები
boom,"ბუმი, სწრაფი ზრდა"
former,ყოფილი
holiday,დღესასწაული
riding,"ჭენება, სრბოლა"
scoffs,"დასცინის, ირონიულად საუბრობს"
hundreds,ასობით
sue,სარჩელი
bags,ჩანთები
stealing,ქურდობა
appears,გამოჩნდება
arrive,ჩამოსვლა
remains,ნაშთები
decent,"რიგიანი, მართებული / საკმარისი"
issues,საკითხები / პრობლემები
tip,წვერი
fail,მარცხის განცდა
bride,საცოლე
pissed,გაბრაზებული
claim,მოთხოვნა
friendship,მეგობრობა
desperate,სასოწარკვეთილი
flower,ყვავილი
dramatic,დრამატული
refuse,უარის თქმა
solve,გადაწყვეტა
theme,თემა
loving,მოსიყვარულე
properly,სათანადოდ
dragon,დრაკონი
mostly,ძირითადად
directly,პირდაპირ
surface,ზედაპირი
FALSE,ცრუ
cast,"მსახიობის როლი, დაყალიბება"
junior,უმცროსი
hunting,ნადირობა
silent,ჩუმი
egg,კვერცხი
germany,გერმანია
punch,მუშტის დარტყმა
africa,აფრიკა
woke,გაღვიძებული
intelligence,ინტელექტი
borrow,სესხება
winning,გამარჯვება
falls,ცვივა
popular,სახალხო
escaped,გაიქცა
witch,ჯადოქარი
convinced,დარწმუნებული
warn,გაფრთხილება
announcer,დიქტორი 
champagne,შამპანური
dust,მტვერი
someday,ოდესმე
fallen,დაცემული
stranger,უცნობი 
presence,თანდასწრება
tear,ცრემლი / დაფლეთა
internet,ინტერნეტი
monsieur,"მუსიე, ბატონო"
therefore,"ამიტომ, აქედან გამომდინარე"
technology,ტექნოლოგია
tires,საბურავები
toast,სადღეგრძელო
wise,ბრძენი
americans,ამერიკელები
notes,ჩანიშვნები
smoking,მოწევა
ls,არის
wolf,მგელი
precious,ძვირფასი
rooms,ოთახები
coast,სანაპირო
treated,ეპყრობოდა / მკურნალობა
material,მასალა
released,"გაათავისუფლეს / გამოსცეს, გამოაქვეყნეს"
uniform,უნიფორმა
hated,სძულდა
considered,მიიჩნევა
rice,ბრინჯი
exchange,გადაცვლა
steps,ნაბიჯები
convince,დარწმუნება
beast,მხეცი
cow,ძროხა
files,ფაილები
signs,ნიშნები
cab,ტაქსი